{"text": " Este es un mensaje de prueba para Whisper en un nuevo formato de archivo. Hackton crea un archivo xml y crea un archivo mp3.", "segments": [{"id": 0, "seek": 0, "start": 0.0, "end": 5.0, "text": " Este es un mensaje de prueba para Whisper en un nuevo formato de archivo.", "tokens": [50364, 16105, 785, 517, 10923, 11153, 368, 48241, 1690, 41132, 610, 465, 517, 18591, 1254, 2513, 368, 3912, 6340, 13, 50614], "temperature": 0.0, "avg_logprob": -0.2782860467600268, "compression_ratio": 1.2783505154639174, "no_speech_prob": 0.009304091334342957}, {"id": 1, "seek": 0, "start": 5.0, "end": 10.0, "text": " Hackton crea un archivo xml y crea un archivo mp3.", "tokens": [50614, 35170, 1756, 1197, 64, 517, 3912, 6340, 2031, 15480, 288, 1197, 64, 517, 3912, 6340, 275, 79, 18, 13, 50864], "temperature": 0.0, "avg_logprob": -0.2782860467600268, "compression_ratio": 1.2783505154639174, "no_speech_prob": 0.009304091334342957}], "language": "es"}